ResourceType,Id,Name,Description,StartDate,EndDate,CreateDate,ModifyDate,LastCommentDate,Tags,NumericPriority,Effort,EffortCompleted,EffortToDo,Progress,TimeSpent,TimeRemain,LastStateChangeDate,PlannedStartDate,PlannedEndDate,InitialEstimate,Units,EntityType,Project,LastEditor,Owner,LastCommentedUser,LinkedTestPlan,Release,Iteration,TeamIteration,Team,Priority,EntityState,ResponsibleTeam,PortfolioEpic,Epic,CustomFields,"Zendesk, BaseCamp URL",Scope,UAT Date,Deployed,For Project,Cost Type
Feature,276522,Login By Attribute,,,,2018-10-10,2018-10-10,,,246773,0,0,0,0,0,0,2018-10-10,,,0,h,"{ResourceType=EntityType, Id=9, Name=Feature}","{ResourceType=Project, Process={ResourceType=Process, Id=20}, Id=4381, Name=eWave LEGO}","{FirstName=Dmitry, ResourceType=GeneralUser, Id=654, LastName=Plavskiy, Login=dmitry.plavskiy@ewave.com}","{FirstName=Dmitry, ResourceType=GeneralUser, Id=654, LastName=Plavskiy, Login=dmitry.plavskiy@ewave.com}",,,,,,"{ResourceType=Team, Id=134937, Name=LEGO TEAM}","{Importance=6, ResourceType=Priority, Id=10, Name=P6 - Normal}","{NumericPriority=1, ResourceType=EntityState, Id=1276, Name=Open}","{ResourceType=TeamAssignment, Id=202660}",,"{ResourceType=Epic, Id=276521, Name=Login By Attribute}",6,,,,,D'Urban,To Be Determined
Feature,276465,Default Theme,"<div><strong>mockups</strong>&#58; https&#58;&#47;&#47;ewave.invisionapp.com&#47;d&#47;main&#35;&#47;projects&#47;prototypes&#47;15301810&#47;screens</div>

<div> </div>

<div>Description here&#58;</div>

<div>https&#58;&#47;&#47;wiki.ewave.com&#47;pages&#47;viewpage.action&#63;pageId&#61;27034438</div>
",2018-10-12,,2018-10-10,2018-10-12,,,246720,0,0,0,0,0,0,2018-10-12,,,0,h,"{ResourceType=EntityType, Id=9, Name=Feature}","{ResourceType=Project, Process={ResourceType=Process, Id=20}, Id=4381, Name=eWave LEGO}","{FirstName=Denis, ResourceType=GeneralUser, Id=30, LastName=Naiman, Login=denis}","{FirstName=Denis, ResourceType=GeneralUser, Id=30, LastName=Naiman, Login=denis}",,,"{ResourceType=Release, Id=275050, Name=R49}",,,"{ResourceType=Team, Id=134937, Name=LEGO TEAM}","{Importance=6, ResourceType=Priority, Id=10, Name=P6 - Normal}","{NumericPriority=4.5, ResourceType=EntityState, Id=1384, Name=Dev - FE}","{ResourceType=TeamAssignment, Id=202615}",,"{ResourceType=Epic, Id=191041, Name=Base Theme}",6,,,,,Lego_internal,To Be Determined
Feature,276464,Product Attribute,"<div>wiki link&#58;</div>

<div>https&#58;&#47;&#47;wiki.ewave.com&#47;display&#47;LEGO&#47;Product&#43;Attribute</div>
",,,2018-10-10,2018-10-16,,,246719,9,6,3,0.6667,13,3,2018-10-10,,,0,h,"{ResourceType=EntityType, Id=9, Name=Feature}","{ResourceType=Project, Process={ResourceType=Process, Id=20}, Id=4381, Name=eWave LEGO}","{FirstName=Denis, ResourceType=GeneralUser, Id=458, LastName=Babkov, Login=denis.babkov@ewave.com}","{FirstName=Denis, ResourceType=GeneralUser, Id=458, LastName=Babkov, Login=denis.babkov@ewave.com}",,,"{ResourceType=Release, Id=275050, Name=R49}",,,"{ResourceType=Team, Id=134937, Name=LEGO TEAM}","{Importance=6, ResourceType=Priority, Id=10, Name=P6 - Normal}","{NumericPriority=1, ResourceType=EntityState, Id=1276, Name=Open}","{ResourceType=TeamAssignment, Id=202614}",,"{ResourceType=Epic, Id=276463, Name=Product Attribute}",6,,,,,CRV,To Be Determined
Feature,276007,[Extended Cart Price Rules] Free Gift,"<div>Wiki&#58; <a href=""https&#58;&#47;&#47;wiki.ewave.com&#47;display&#47;LEGO&#47;&#37;5BExtended&#43;Cart&#43;Price&#43;Rules&#37;5D&#43;Free&#43;Gift"" target=""_blank"">https&#58;&#47;&#47;wiki.ewave.com&#47;display&#47;LEGO&#47;&#37;5BExtended&#43;Cart&#43;Price&#43;Rules&#37;5D&#43;Free&#43;Gift</a></div>
",2018-10-08,2018-10-08,2018-10-05,2018-10-08,,,246287,0,0,0,1,3,0,2018-10-08,,,0,h,"{ResourceType=EntityType, Id=9, Name=Feature}","{ResourceType=Project, Process={ResourceType=Process, Id=20}, Id=4381, Name=eWave LEGO}","{FirstName=Eldaniz, ResourceType=GeneralUser, Id=188, LastName=Gasymov, Login=eldaniz.gasymov@ewave.com}","{FirstName=Dmitry, ResourceType=GeneralUser, Id=654, LastName=Plavskiy, Login=dmitry.plavskiy@ewave.com}",,,,,,"{ResourceType=Team, Id=134937, Name=LEGO TEAM}","{Importance=6, ResourceType=Priority, Id=10, Name=P6 - Normal}","{NumericPriority=9, ResourceType=EntityState, Id=1281, Name=Done}","{ResourceType=TeamAssignment, Id=202189}",,"{ResourceType=Epic, Id=215760, Name=Extended Cart Price Rules}",6,,,,,UltraC,To Be Determined
Feature,275911,[Replace Quote For Order Status] Newsletter,,,,2018-10-04,2018-10-04,,,246199,0,0,0,0,0,0,2018-10-04,,,0,h,"{ResourceType=EntityType, Id=9, Name=Feature}","{ResourceType=Project, Process={ResourceType=Process, Id=20}, Id=4381, Name=eWave LEGO}","{FirstName=Dmitry, ResourceType=GeneralUser, Id=654, LastName=Plavskiy, Login=dmitry.plavskiy@ewave.com}","{FirstName=Dmitry, ResourceType=GeneralUser, Id=654, LastName=Plavskiy, Login=dmitry.plavskiy@ewave.com}",,,,,,"{ResourceType=Team, Id=134937, Name=LEGO TEAM}","{Importance=6, ResourceType=Priority, Id=10, Name=P6 - Normal}","{NumericPriority=1, ResourceType=EntityState, Id=1276, Name=Open}","{ResourceType=TeamAssignment, Id=202114}",,"{ResourceType=Epic, Id=275022, Name=Replace Quote For Order Status}",6,,,,,CRV,To Be Determined
Feature,275576,[Replace Quote For Order Status] Event,"<div>Wiki Page&#58; <a href=""https&#58;&#47;&#47;wiki.ewave.com&#47;display&#47;LEGO&#47;&#37;5BReplace&#43;Quote&#43;For&#43;Order&#43;Status&#37;5D&#43;Event"" target=""_blank"">https&#58;&#47;&#47;wiki.ewave.com&#47;display&#47;LEGO&#47;&#37;5BReplace&#43;Quote&#43;For&#43;Order&#43;Status&#37;5D&#43;Event</a></div>
",2018-10-02,2018-10-04,2018-10-01,2018-10-04,2018-10-04,,245879,8,8,0,1,6,0,2018-10-04,,,0,h,"{ResourceType=EntityType, Id=9, Name=Feature}","{ResourceType=Project, Process={ResourceType=Process, Id=20}, Id=4381, Name=eWave LEGO}","{FirstName=Valeriy, ResourceType=GeneralUser, Id=101, LastName=Denisik, Login=valeriy.denisik}","{FirstName=Dmitry, ResourceType=GeneralUser, Id=654, LastName=Plavskiy, Login=dmitry.plavskiy@ewave.com}","{FirstName=Valeriy, ResourceType=GeneralUser, Id=101, LastName=Denisik, Login=valeriy.denisik}",,,,,"{ResourceType=Team, Id=134937, Name=LEGO TEAM}","{Importance=6, ResourceType=Priority, Id=10, Name=P6 - Normal}","{NumericPriority=9, ResourceType=EntityState, Id=1281, Name=Done}","{ResourceType=TeamAssignment, Id=201578}",,"{ResourceType=Epic, Id=275022, Name=Replace Quote For Order Status}",6,,,,,CRV,To Be Determined
Feature,275433,Send Invoice to Admin,,,,2018-10-01,2018-10-01,,,245744,13,0,13,0,0,13,2018-10-01,,,0,h,"{ResourceType=EntityType, Id=9, Name=Feature}","{ResourceType=Project, Process={ResourceType=Process, Id=20}, Id=4381, Name=eWave LEGO}","{FirstName=Dmitry, ResourceType=GeneralUser, Id=654, LastName=Plavskiy, Login=dmitry.plavskiy@ewave.com}","{FirstName=Dmitry, ResourceType=GeneralUser, Id=654, LastName=Plavskiy, Login=dmitry.plavskiy@ewave.com}",,,,,,"{ResourceType=Team, Id=134937, Name=LEGO TEAM}","{Importance=6, ResourceType=Priority, Id=10, Name=P6 - Normal}","{NumericPriority=1, ResourceType=EntityState, Id=1276, Name=Open}","{ResourceType=TeamAssignment, Id=201468}",,"{ResourceType=Epic, Id=275431, Name=Send Invoice to Admin}",6,,,,,Cerruti,To Be Determined
Feature,275418,Custom Invoice PDF,,,,2018-10-01,2018-10-16,,,245735,20,14.12,5.88,0.706,60,12,2018-10-01,,,0,h,"{ResourceType=EntityType, Id=9, Name=Feature}","{ResourceType=Project, Process={ResourceType=Process, Id=20}, Id=4381, Name=eWave LEGO}","{FirstName=Dmitry, ResourceType=GeneralUser, Id=654, LastName=Plavskiy, Login=dmitry.plavskiy@ewave.com}","{FirstName=Dmitry, ResourceType=GeneralUser, Id=654, LastName=Plavskiy, Login=dmitry.plavskiy@ewave.com}",,,,,,"{ResourceType=Team, Id=134937, Name=LEGO TEAM}","{Importance=6, ResourceType=Priority, Id=10, Name=P6 - Normal}","{NumericPriority=1, ResourceType=EntityState, Id=1276, Name=Open}","{ResourceType=TeamAssignment, Id=201452}",,"{ResourceType=Epic, Id=275417, Name=Custom Invoice PDF}",6,,,,,Cerruti,To Be Determined
Feature,275024,[Replace Quote For Order Status] SecurePay,"<div>Wiki Page&#58; <a href=""https&#58;&#47;&#47;wiki.ewave.com&#47;display&#47;LEGO&#47;&#37;5BReplace&#43;Quote&#43;For&#43;Order&#43;Status&#37;5D&#43;SecurePay"" target=""_blank"">https&#58;&#47;&#47;wiki.ewave.com&#47;display&#47;LEGO&#47;&#37;5BReplace&#43;Quote&#43;For&#43;Order&#43;Status&#37;5D&#43;SecurePay</a></div>
",2018-10-01,2018-10-04,2018-09-27,2018-10-04,2018-10-04,,245392,33,33,0,1,25,0,2018-10-04,,,0,h,"{ResourceType=EntityType, Id=9, Name=Feature}","{ResourceType=Project, Process={ResourceType=Process, Id=20}, Id=4381, Name=eWave LEGO}","{FirstName=Valeriy, ResourceType=GeneralUser, Id=101, LastName=Denisik, Login=valeriy.denisik}","{FirstName=Dmitry, ResourceType=GeneralUser, Id=654, LastName=Plavskiy, Login=dmitry.plavskiy@ewave.com}","{FirstName=Valeriy, ResourceType=GeneralUser, Id=101, LastName=Denisik, Login=valeriy.denisik}","{ResourceType=TestPlan, Id=275639, Name=[Replace Quote For Order Status] SecurePay}","{ResourceType=Release, Id=271210, Name=R48}",,,"{ResourceType=Team, Id=134937, Name=LEGO TEAM}","{Importance=6, ResourceType=Priority, Id=10, Name=P6 - Normal}","{NumericPriority=9, ResourceType=EntityState, Id=1281, Name=Done}","{ResourceType=TeamAssignment, Id=201157}",,"{ResourceType=Epic, Id=275022, Name=Replace Quote For Order Status}",6,,,,,CRV,To Be Determined
Feature,275023,Replace Quote For Order Status,"<div>Wiki Page&#58; <a href=""https&#58;&#47;&#47;wiki.ewave.com&#47;display&#47;LEGO&#47;Replace&#43;Quote&#43;For&#43;Order&#43;Status"" target=""_blank"">https&#58;&#47;&#47;wiki.ewave.com&#47;display&#47;LEGO&#47;Replace&#43;Quote&#43;For&#43;Order&#43;Status</a></div>
",2018-09-27,2018-10-04,2018-09-27,2018-10-04,2018-10-04,,245391,20,20,0,1,18.3,0,2018-10-04,,,0,h,"{ResourceType=EntityType, Id=9, Name=Feature}","{ResourceType=Project, Process={ResourceType=Process, Id=20}, Id=4381, Name=eWave LEGO}","{FirstName=Valeriy, ResourceType=GeneralUser, Id=101, LastName=Denisik, Login=valeriy.denisik}","{FirstName=Dmitry, ResourceType=GeneralUser, Id=654, LastName=Plavskiy, Login=dmitry.plavskiy@ewave.com}","{FirstName=Valeriy, ResourceType=GeneralUser, Id=101, LastName=Denisik, Login=valeriy.denisik}","{ResourceType=TestPlan, Id=275638, Name=Replace Quote For Order Status}",,,,"{ResourceType=Team, Id=134937, Name=LEGO TEAM}","{Importance=6, ResourceType=Priority, Id=10, Name=P6 - Normal}","{NumericPriority=9, ResourceType=EntityState, Id=1281, Name=Done}","{ResourceType=TeamAssignment, Id=201156}",,"{ResourceType=Epic, Id=275022, Name=Replace Quote For Order Status}",6,,,,,CRV,To Be Determined
Feature,274799,[Extended Customer Segments] Extended Customer Groups,"<div>wiki link&#58;</div>

<div>https&#58;&#47;&#47;wiki.ewave.com&#47;display&#47;LEGO&#47;&#37;5BExtended&#43;Customer&#43;Segments&#37;5D&#43;Extended&#43;Customer&#43;Groups</div>
",2018-10-01,2018-10-01,2018-09-25,2018-10-01,2018-10-01,,245176,14,14,0,1,16.5,0,2018-10-01,,,0,h,"{ResourceType=EntityType, Id=9, Name=Feature}","{ResourceType=Project, Process={ResourceType=Process, Id=20}, Id=4381, Name=eWave LEGO}","{FirstName=Ivan, ResourceType=GeneralUser, Id=110, LastName=Ivanov, Login=ivan.ivanov@ewave.com}","{FirstName=Denis, ResourceType=GeneralUser, Id=458, LastName=Babkov, Login=denis.babkov@ewave.com}","{FirstName=Ivan, ResourceType=GeneralUser, Id=110, LastName=Ivanov, Login=ivan.ivanov@ewave.com}","{ResourceType=TestPlan, Id=275642, Name=[Extended Customer Segments] Extended Customer Groups}","{ResourceType=Release, Id=271210, Name=R48}",,,"{ResourceType=Team, Id=134937, Name=LEGO TEAM}","{Importance=6, ResourceType=Priority, Id=10, Name=P6 - Normal}","{NumericPriority=9, ResourceType=EntityState, Id=1281, Name=Done}","{ResourceType=TeamAssignment, Id=200937}",,"{ResourceType=Epic, Id=263444, Name=Extended Customer Segments}",6,,,,,Trybe,To Be Determined
Feature,273883,Billable Link,"<div><a href=""https&#58;&#47;&#47;wiki.ewave.com&#47;display&#47;LEGO&#47;Billable&#43;Link"" target=""_blank"">https&#58;&#47;&#47;wiki.ewave.com&#47;display&#47;LEGO&#47;Billable&#43;Link</a></div>
",2018-09-21,2018-10-11,2018-09-18,2018-10-11,2018-10-11,,244378,64,64,0,1,59.55,4,2018-10-11,,,0,h,"{ResourceType=EntityType, Id=9, Name=Feature}","{ResourceType=Project, Process={ResourceType=Process, Id=20}, Id=4381, Name=eWave LEGO}","{FirstName=Eldaniz, ResourceType=GeneralUser, Id=188, LastName=Gasymov, Login=eldaniz.gasymov@ewave.com}","{FirstName=Dmitry, ResourceType=GeneralUser, Id=654, LastName=Plavskiy, Login=dmitry.plavskiy@ewave.com}","{FirstName=Eldaniz, ResourceType=GeneralUser, Id=188, LastName=Gasymov, Login=eldaniz.gasymov@ewave.com}","{ResourceType=TestPlan, Id=276340, Name=Billable Link}","{ResourceType=Release, Id=271210, Name=R48}",,,"{ResourceType=Team, Id=134937, Name=LEGO TEAM}","{Importance=6, ResourceType=Priority, Id=10, Name=P6 - Normal}","{NumericPriority=9, ResourceType=EntityState, Id=1281, Name=Done}","{ResourceType=TeamAssignment, Id=200209}",,"{ResourceType=Epic, Id=273882, Name=Billable Link}",6,,,,,Cerruti,To Be Determined
Feature,273666,Filter Bundle,"<div><a href=""https&#58;&#47;&#47;wiki.ewave.com&#47;display&#47;LEGO&#47;Filter&#43;Bundle"" target=""_blank"">https&#58;&#47;&#47;wiki.ewave.com&#47;display&#47;LEGO&#47;Filter&#43;Bundle</a></div>
",2018-10-15,2018-10-15,2018-09-17,2018-10-15,2018-10-15,,244193,42,42,0,1,130.45,0,2018-10-15,,,0,h,"{ResourceType=EntityType, Id=9, Name=Feature}","{ResourceType=Project, Process={ResourceType=Process, Id=20}, Id=4381, Name=eWave LEGO}","{FirstName=Victor, ResourceType=GeneralUser, Id=247, LastName=Martinovich, Login=victor.martinovich@ewave.com}","{FirstName=Dmitry, ResourceType=GeneralUser, Id=654, LastName=Plavskiy, Login=dmitry.plavskiy@ewave.com}","{FirstName=Artemiy, ResourceType=GeneralUser, Id=746, LastName=Karpov, Login=artemiy.karpov@ewave.com}","{ResourceType=TestPlan, Id=277059, Name=Filter Bundle}",,,,"{ResourceType=Team, Id=134937, Name=LEGO TEAM}","{Importance=6, ResourceType=Priority, Id=10, Name=P6 - Normal}","{NumericPriority=9, ResourceType=EntityState, Id=1281, Name=Done}","{ResourceType=TeamAssignment, Id=200047}",,"{ResourceType=Epic, Id=273665, Name=[Akeneo] Filter Bundle}",6,,,,,MYER,To Be Determined
Feature,273025,[Akeneo] Category Attribute,,,,2018-09-11,2018-09-17,,,243611,26,26,0,1,22.3,0,2018-09-11,,,0,h,"{ResourceType=EntityType, Id=9, Name=Feature}","{ResourceType=Project, Process={ResourceType=Process, Id=20}, Id=4381, Name=eWave LEGO}","{FirstName=Dmitry, ResourceType=GeneralUser, Id=654, LastName=Plavskiy, Login=dmitry.plavskiy@ewave.com}","{FirstName=Dmitry, ResourceType=GeneralUser, Id=654, LastName=Plavskiy, Login=dmitry.plavskiy@ewave.com}",,,,,,"{ResourceType=Team, Id=134937, Name=LEGO TEAM}","{Importance=6, ResourceType=Priority, Id=10, Name=P6 - Normal}","{NumericPriority=1, ResourceType=EntityState, Id=1276, Name=Open}","{ResourceType=TeamAssignment, Id=199512}",,"{ResourceType=Epic, Id=273024, Name=[Akeneo] Category Attribute}",6,,,,,MYER,To Be Determined
Feature,272264,[Gift Card] Erply Integration,"<div>https&#58;&#47;&#47;wiki.ewave.com&#47;display&#47;LEGO&#47;&#37;5BGift&#43;Card&#37;5D&#43;Erply&#43;Integration</div>
",2018-09-11,2018-10-03,2018-09-05,2018-10-03,2018-10-03,,242888,0,0,0,1,1,0,2018-10-03,,,0,h,"{ResourceType=EntityType, Id=9, Name=Feature}","{ResourceType=Project, Process={ResourceType=Process, Id=20}, Id=4381, Name=eWave LEGO}","{FirstName=Valeriy, ResourceType=GeneralUser, Id=101, LastName=Denisik, Login=valeriy.denisik}","{FirstName=Dmitry, ResourceType=GeneralUser, Id=654, LastName=Plavskiy, Login=dmitry.plavskiy@ewave.com}","{FirstName=Valeriy, ResourceType=GeneralUser, Id=101, LastName=Denisik, Login=valeriy.denisik}",,"{ResourceType=Release, Id=271209, Name=R47}",,,"{ResourceType=Team, Id=134937, Name=LEGO TEAM}","{Importance=6, ResourceType=Priority, Id=10, Name=P6 - Normal}","{NumericPriority=9, ResourceType=EntityState, Id=1281, Name=Done}","{ResourceType=TeamAssignment, Id=198915}",,"{ResourceType=Epic, Id=266346, Name=Gift Card}",6,,,,,TAF,To Be Determined
Feature,272262,[Gift Card] Abstract Card Integration,"<div>https&#58;&#47;&#47;wiki.ewave.com&#47;display&#47;LEGO&#47;&#37;5BGift&#43;Card&#37;5D&#43;Abstract&#43;Gift&#43;Card&#43;Integration</div>
",2018-09-10,2018-10-03,2018-09-05,2018-10-03,2018-10-03,,242886,10,10,0,1,3.2,0,2018-10-03,,,0,h,"{ResourceType=EntityType, Id=9, Name=Feature}","{ResourceType=Project, Process={ResourceType=Process, Id=20}, Id=4381, Name=eWave LEGO}","{FirstName=Valeriy, ResourceType=GeneralUser, Id=101, LastName=Denisik, Login=valeriy.denisik}","{FirstName=Dmitry, ResourceType=GeneralUser, Id=654, LastName=Plavskiy, Login=dmitry.plavskiy@ewave.com}","{FirstName=Valeriy, ResourceType=GeneralUser, Id=101, LastName=Denisik, Login=valeriy.denisik}",,"{ResourceType=Release, Id=271210, Name=R48}",,,"{ResourceType=Team, Id=134937, Name=LEGO TEAM}","{Importance=6, ResourceType=Priority, Id=10, Name=P6 - Normal}","{NumericPriority=9, ResourceType=EntityState, Id=1281, Name=Done}","{ResourceType=TeamAssignment, Id=198913}",,"{ResourceType=Epic, Id=266346, Name=Gift Card}",6,,,,,TAF,To Be Determined
Feature,271653,[Product Price] Special Pricing with Saving Display,,,,2018-08-31,2018-08-31,,,242319,0,0,0,0,0,0,2018-08-31,,,0,h,"{ResourceType=EntityType, Id=9, Name=Feature}","{ResourceType=Project, Process={ResourceType=Process, Id=20}, Id=4381, Name=eWave LEGO}","{FirstName=Dmitry, ResourceType=GeneralUser, Id=654, LastName=Plavskiy, Login=dmitry.plavskiy@ewave.com}","{FirstName=Dmitry, ResourceType=GeneralUser, Id=654, LastName=Plavskiy, Login=dmitry.plavskiy@ewave.com}",,,,,,"{ResourceType=Team, Id=134937, Name=LEGO TEAM}","{Importance=6, ResourceType=Priority, Id=10, Name=P6 - Normal}","{NumericPriority=1, ResourceType=EntityState, Id=1276, Name=Open}","{ResourceType=TeamAssignment, Id=198389}",,"{ResourceType=Epic, Id=269654, Name=Product Price}",6,,,,,Lego_internal,To Be Determined
Feature,270353,[Locator][Abstract Entity] Infinite Scroll,"<div>wiki&#58; <a href=""https&#58;&#47;&#47;wiki.ewave.com&#47;display&#47;LEGO&#47;&#37;5BLocator&#37;5D&#37;5BAbstract&#43;Entity&#37;5D&#43;Infinite&#43;Scroll"" target=""_blank"">https&#58;&#47;&#47;wiki.ewave.com&#47;display&#47;LEGO&#47;&#37;5BLocator&#37;5D&#37;5BAbstract&#43;Entity&#37;5D&#43;Infinite&#43;Scroll</a></div>
",2018-08-27,2018-08-31,2018-08-21,2018-08-31,2018-08-31,,241121,7,7,0,1,20,0,2018-08-31,,,0,h,"{ResourceType=EntityType, Id=9, Name=Feature}","{ResourceType=Project, Process={ResourceType=Process, Id=20}, Id=4381, Name=eWave LEGO}","{FirstName=Denis, ResourceType=GeneralUser, Id=209, LastName=Yurevich, Login=denis.yurevich@ewave.com}","{FirstName=Dmitry, ResourceType=GeneralUser, Id=654, LastName=Plavskiy, Login=dmitry.plavskiy@ewave.com}","{FirstName=Denis, ResourceType=GeneralUser, Id=209, LastName=Yurevich, Login=denis.yurevich@ewave.com}","{ResourceType=TestPlan, Id=271492, Name=[Locator][Abstract Entity] Infinite Scroll}","{ResourceType=Release, Id=266515, Name=R46}",,,"{ResourceType=Team, Id=134937, Name=LEGO TEAM}","{Importance=6, ResourceType=Priority, Id=10, Name=P6 - Normal}","{NumericPriority=9, ResourceType=EntityState, Id=1281, Name=Done}","{ResourceType=TeamAssignment, Id=197091}",,"{ResourceType=Epic, Id=129528, Name=Locator}",6,,,,,D'Urban,To Be Determined
Feature,270241,[Order Splitting] Gift Card,"<div>
<div><strong>Wiki article&#58; <a href=""https&#58;&#47;&#47;wiki.ewave.com&#47;display&#47;LEGO&#47;&#37;5BGift&#43;Card&#37;5D&#43;Order&#43;Splitting"" target=""_blank"">https&#58;&#47;&#47;wiki.ewave.com&#47;display&#47;LEGO&#47;&#37;5BGift&#43;Card&#37;5D&#43;Order&#43;Splitting</a></strong></div>
</div>
",2018-09-11,2018-10-02,2018-08-21,2018-10-02,2018-10-03,,241022,55,55,0,1,38,0,2018-10-02,,,0,h,"{ResourceType=EntityType, Id=9, Name=Feature}","{ResourceType=Project, Process={ResourceType=Process, Id=20}, Id=4381, Name=eWave LEGO}","{FirstName=Viktoria, ResourceType=GeneralUser, Id=122, LastName=Kravchenko, Login=viktoria.kravchenko}","{FirstName=Dmitry, ResourceType=GeneralUser, Id=654, LastName=Plavskiy, Login=dmitry.plavskiy@ewave.com}","{FirstName=Valeriy, ResourceType=GeneralUser, Id=101, LastName=Denisik, Login=valeriy.denisik}","{ResourceType=TestPlan, Id=274669, Name=[Order Splitting] Gift Card}","{ResourceType=Release, Id=271210, Name=R48}",,,"{ResourceType=Team, Id=134937, Name=LEGO TEAM}","{Importance=6, ResourceType=Priority, Id=10, Name=P6 - Normal}","{NumericPriority=9, ResourceType=EntityState, Id=1281, Name=Done}","{ResourceType=TeamAssignment, Id=196986}",,"{ResourceType=Epic, Id=150083, Name=Order Splitting}",6,,,,,TAF,To Be Determined
Feature,269655,Product Price,"<div>Wiki page&#58; https&#58;&#47;&#47;wiki.ewave.com&#47;display&#47;LEGO&#47;Product&#43;Price</div>
",2018-08-23,2018-08-31,2018-08-15,2018-08-31,2018-08-31,,240463,18,18,0,1,34.3,0,2018-08-31,,,0,h,"{ResourceType=EntityType, Id=9, Name=Feature}","{ResourceType=Project, Process={ResourceType=Process, Id=20}, Id=4381, Name=eWave LEGO}","{FirstName=Denis, ResourceType=GeneralUser, Id=209, LastName=Yurevich, Login=denis.yurevich@ewave.com}","{FirstName=Dmitry, ResourceType=GeneralUser, Id=654, LastName=Plavskiy, Login=dmitry.plavskiy@ewave.com}","{FirstName=Denis, ResourceType=GeneralUser, Id=30, LastName=Naiman, Login=denis}","{ResourceType=TestPlan, Id=271611, Name=Product Price}","{ResourceType=Release, Id=266515, Name=R46}",,,"{ResourceType=Team, Id=134937, Name=LEGO TEAM}","{Importance=6, ResourceType=Priority, Id=10, Name=P6 - Normal}","{NumericPriority=9, ResourceType=EntityState, Id=1281, Name=Done}","{ResourceType=TeamAssignment, Id=196441}",,"{ResourceType=Epic, Id=269654, Name=Product Price}",6,,,,,D'Urban,To Be Determined
Feature,266504,Master Configurable Product,"<div>wiki&#58;</div>

<div>https&#58;&#47;&#47;wiki.ewave.com&#47;display&#47;LEGO&#47;Additional&#43;Configurable&#43;Product</div>
",2018-08-03,2018-08-09,2018-07-25,2018-08-15,2018-08-09,,237605,18,18,0,1,17.1,0,2018-08-09,,,0,h,"{ResourceType=EntityType, Id=9, Name=Feature}","{ResourceType=Project, Process={ResourceType=Process, Id=20}, Id=4381, Name=eWave LEGO}","{FirstName=Dmitry, ResourceType=GeneralUser, Id=654, LastName=Plavskiy, Login=dmitry.plavskiy@ewave.com}","{FirstName=Denis, ResourceType=GeneralUser, Id=458, LastName=Babkov, Login=denis.babkov@ewave.com}","{FirstName=Denis, ResourceType=GeneralUser, Id=209, LastName=Yurevich, Login=denis.yurevich@ewave.com}","{ResourceType=TestPlan, Id=268791, Name=Master Configurable Product}","{ResourceType=Release, Id=264689, Name=R44}",,,"{ResourceType=Team, Id=134937, Name=LEGO TEAM}","{Importance=6, ResourceType=Priority, Id=10, Name=P6 - Normal}","{NumericPriority=9, ResourceType=EntityState, Id=1281, Name=Done}","{ResourceType=TeamAssignment, Id=193954}",,"{ResourceType=Epic, Id=212933, Name=Extended Products}",6,,,,,Hartmann,To Be Determined
Feature,266347,Gift Card,"<div>
<div><strong>.psd file path</strong>&#58;</div>

<table border=""1"" style=""width:100%"">
	<caption style=""text-align:left""><strong>Description</strong>&#58;</caption>
	<tbody>
		<tr>
			<td>
			<div><em>A short description of the Feature</em></div>

			<div><em>...</em></div>

			<div> </div>
			</td>
		</tr>
	</tbody>
</table>

<table border=""1"" style=""width:100%"">
	<caption style=""text-align:left""><strong>Benefits</strong>&#58;</caption>
	<tbody>
		<tr>
			<td>
			<div><em>A short description which describes the benefit to the user and the business. There may be multiple benefits per feature which are highlighted here.</em></div>
			</td>
		</tr>
		<tr>
			<td><em>...</em></td>
		</tr>
		<tr>
			<td><em>...</em></td>
		</tr>
	</tbody>
</table>
</div>
",2018-08-15,2018-10-03,2018-07-24,2018-10-03,2018-10-03,,237487,199,199,0,1,107.85,0,2018-10-03,,,0,h,"{ResourceType=EntityType, Id=9, Name=Feature}","{ResourceType=Project, Process={ResourceType=Process, Id=20}, Id=4381, Name=eWave LEGO}","{FirstName=Valeriy, ResourceType=GeneralUser, Id=101, LastName=Denisik, Login=valeriy.denisik}","{FirstName=Dmitry, ResourceType=GeneralUser, Id=654, LastName=Plavskiy, Login=dmitry.plavskiy@ewave.com}","{FirstName=Valeriy, ResourceType=GeneralUser, Id=101, LastName=Denisik, Login=valeriy.denisik}","{ResourceType=TestPlan, Id=273761, Name=Gift Card}","{ResourceType=Release, Id=271209, Name=R47}",,,"{ResourceType=Team, Id=134937, Name=LEGO TEAM}","{Importance=6, ResourceType=Priority, Id=10, Name=P6 - Normal}","{NumericPriority=9, ResourceType=EntityState, Id=1281, Name=Done}","{ResourceType=TeamAssignment, Id=193806}",,"{ResourceType=Epic, Id=266346, Name=Gift Card}",6,,,,,TAF,To Be Determined
Feature,266319,[Customer Activity Log] Infinity Scroll,"<div>wiki&#58;</div>

<div>https&#58;&#47;&#47;wiki.ewave.com&#47;display&#47;LEGO&#47;&#37;5BCustomer&#43;Activity&#43;Log&#37;5D&#43;Infinity&#43;Scroll</div>
",2018-08-08,2018-08-20,2018-07-24,2018-08-20,2018-08-20,,237455,20,20,0,1,17,0,2018-08-20,,,0,h,"{ResourceType=EntityType, Id=9, Name=Feature}","{ResourceType=Project, Process={ResourceType=Process, Id=20}, Id=4381, Name=eWave LEGO}","{FirstName=Ivan, ResourceType=GeneralUser, Id=110, LastName=Ivanov, Login=ivan.ivanov@ewave.com}","{FirstName=Denis, ResourceType=GeneralUser, Id=458, LastName=Babkov, Login=denis.babkov@ewave.com}","{FirstName=Ivan, ResourceType=GeneralUser, Id=110, LastName=Ivanov, Login=ivan.ivanov@ewave.com}","{ResourceType=TestPlan, Id=270136, Name=[Customer Activity Log] Infinity Scroll}","{ResourceType=Release, Id=264689, Name=R44}",,,"{ResourceType=Team, Id=134937, Name=LEGO TEAM}","{Importance=6, ResourceType=Priority, Id=10, Name=P6 - Normal}","{NumericPriority=9, ResourceType=EntityState, Id=1281, Name=Done}","{ResourceType=TeamAssignment, Id=193780}",,"{ResourceType=Epic, Id=266315, Name=Customer Activity Log}",6,,,,,Trybe,To Be Determined
Feature,266316,Customer Activity Log,"<div>wiki link&#58;</div>

<div>https&#58;&#47;&#47;wiki.ewave.com&#47;display&#47;LEGO&#47;Customer&#43;Activity&#43;Log</div>
",2018-08-31,2018-08-31,2018-07-24,2018-08-31,2018-08-20,,237453,34,34,0,1,34.8,0,2018-08-31,,,0,h,"{ResourceType=EntityType, Id=9, Name=Feature}","{ResourceType=Project, Process={ResourceType=Process, Id=20}, Id=4381, Name=eWave LEGO}","{FirstName=Ivan, ResourceType=GeneralUser, Id=110, LastName=Ivanov, Login=ivan.ivanov@ewave.com}","{FirstName=Denis, ResourceType=GeneralUser, Id=458, LastName=Babkov, Login=denis.babkov@ewave.com}","{FirstName=Ivan, ResourceType=GeneralUser, Id=110, LastName=Ivanov, Login=ivan.ivanov@ewave.com}","{ResourceType=TestPlan, Id=270138, Name=Customer Activity Log}","{ResourceType=Release, Id=264689, Name=R44}",,,"{ResourceType=Team, Id=134937, Name=LEGO TEAM}","{Importance=6, ResourceType=Priority, Id=10, Name=P6 - Normal}","{NumericPriority=9, ResourceType=EntityState, Id=1281, Name=Done}","{ResourceType=TeamAssignment, Id=193777}",,"{ResourceType=Epic, Id=266315, Name=Customer Activity Log}",6,,,,,Trybe,To Be Determined
Feature,266309,[Extended Customer Groups] Activity Log,"<div>wiki&#58;</div>

<div>https&#58;&#47;&#47;wiki.ewave.com&#47;display&#47;LEGO&#47;&#37;5BExtended&#43;Customer&#43;Groups&#37;5D&#43;Activity&#43;Log</div>
",2018-08-08,2018-08-20,2018-07-24,2018-08-20,2018-08-20,,237449,13,13,0,1,11,0,2018-08-20,,,0,h,"{ResourceType=EntityType, Id=9, Name=Feature}","{ResourceType=Project, Process={ResourceType=Process, Id=20}, Id=4381, Name=eWave LEGO}","{FirstName=Ivan, ResourceType=GeneralUser, Id=110, LastName=Ivanov, Login=ivan.ivanov@ewave.com}","{FirstName=Denis, ResourceType=GeneralUser, Id=458, LastName=Babkov, Login=denis.babkov@ewave.com}","{FirstName=Ivan, ResourceType=GeneralUser, Id=110, LastName=Ivanov, Login=ivan.ivanov@ewave.com}","{ResourceType=TestPlan, Id=270159, Name=[Extended Customer Groups] Activity Log}","{ResourceType=Release, Id=264689, Name=R44}",,,"{ResourceType=Team, Id=134937, Name=LEGO TEAM}","{Importance=6, ResourceType=Priority, Id=10, Name=P6 - Normal}","{NumericPriority=9, ResourceType=EntityState, Id=1281, Name=Done}","{ResourceType=TeamAssignment, Id=193770}",,"{ResourceType=Epic, Id=200369, Name=Extended Customer Groups}",6,,,,,Trybe,To Be Determined
Feature,266308,[Extended Customer Groups] Wish List,"<div>wiki&#58;</div>

<div>https&#58;&#47;&#47;wiki.ewave.com&#47;display&#47;LEGO&#47;&#37;5BExtended&#43;Customer&#43;Groups&#37;5D&#43;Wishlist</div>
",2018-08-03,2018-08-17,2018-07-24,2018-08-17,2018-08-17,,237448,34,34,0,1,22.8,0,2018-08-17,,,0,h,"{ResourceType=EntityType, Id=9, Name=Feature}","{ResourceType=Project, Process={ResourceType=Process, Id=20}, Id=4381, Name=eWave LEGO}","{FirstName=Ivan, ResourceType=GeneralUser, Id=110, LastName=Ivanov, Login=ivan.ivanov@ewave.com}","{FirstName=Denis, ResourceType=GeneralUser, Id=458, LastName=Babkov, Login=denis.babkov@ewave.com}","{FirstName=Ivan, ResourceType=GeneralUser, Id=110, LastName=Ivanov, Login=ivan.ivanov@ewave.com}","{ResourceType=TestPlan, Id=269976, Name=[Extended Customer Groups] Wish List}","{ResourceType=Release, Id=264689, Name=R44}",,,"{ResourceType=Team, Id=134937, Name=LEGO TEAM}","{Importance=6, ResourceType=Priority, Id=10, Name=P6 - Normal}","{NumericPriority=9, ResourceType=EntityState, Id=1281, Name=Done}","{ResourceType=TeamAssignment, Id=193769}",,"{ResourceType=Epic, Id=200369, Name=Extended Customer Groups}",6,,,,,Trybe,To Be Determined
Feature,266307,[Extended Customer Groups] Checkout,"<div>wiki&#58;</div>

<div>https&#58;&#47;&#47;wiki.ewave.com&#47;display&#47;LEGO&#47;&#37;5BExtended&#43;Customer&#43;Groups&#37;5D&#43;Checkout</div>
",2018-08-07,2018-09-05,2018-07-24,2018-09-05,2018-09-05,,237447,78,78,0,1,102.4,0,2018-09-05,,,0,h,"{ResourceType=EntityType, Id=9, Name=Feature}","{ResourceType=Project, Process={ResourceType=Process, Id=20}, Id=4381, Name=eWave LEGO}","{FirstName=Ivan, ResourceType=GeneralUser, Id=110, LastName=Ivanov, Login=ivan.ivanov@ewave.com}","{FirstName=Denis, ResourceType=GeneralUser, Id=458, LastName=Babkov, Login=denis.babkov@ewave.com}","{FirstName=Denis, ResourceType=GeneralUser, Id=30, LastName=Naiman, Login=denis}",,"{ResourceType=Release, Id=266515, Name=R46}",,,"{ResourceType=Team, Id=134937, Name=LEGO TEAM}","{Importance=6, ResourceType=Priority, Id=10, Name=P6 - Normal}","{NumericPriority=9, ResourceType=EntityState, Id=1281, Name=Done}","{ResourceType=TeamAssignment, Id=193768}",,"{ResourceType=Epic, Id=200369, Name=Extended Customer Groups}",6,,,,,Trybe,To Be Determined
Feature,266207,[AKENEO] Editable Attributes Grid,"<div>wiki</div>

<div>https&#58;&#47;&#47;wiki.ewave.com&#47;display&#47;LEGO&#47;Editable&#43;Attributes&#43;Grid</div>
",,,2018-07-23,2018-10-10,,,237351,110,110,0,1,114.4,0,2018-09-11,,,0,h,"{ResourceType=EntityType, Id=9, Name=Feature}","{ResourceType=Project, Process={ResourceType=Process, Id=20}, Id=4381, Name=eWave LEGO}","{FirstName=Victor, ResourceType=GeneralUser, Id=247, LastName=Martinovich, Login=victor.martinovich@ewave.com}","{FirstName=Denis, ResourceType=GeneralUser, Id=458, LastName=Babkov, Login=denis.babkov@ewave.com}",,,,,,"{ResourceType=Team, Id=134937, Name=LEGO TEAM}","{Importance=6, ResourceType=Priority, Id=10, Name=P6 - Normal}","{NumericPriority=1, ResourceType=EntityState, Id=1276, Name=Open}","{ResourceType=TeamAssignment, Id=193670}",,"{ResourceType=Epic, Id=266206, Name=[AKENEO] Editable Attributes Grid}",6,,,,,MYER,To Be Determined
Feature,266202,[AKENEO] Catalog Grid Images,"<div>wiki link&#58;</div>

<div>https&#58;&#47;&#47;wiki.ewave.com&#47;display&#47;LEGO&#47;Catalog&#43;Grid&#43;Images</div>
",2018-09-18,,2018-07-23,2018-10-15,2018-08-13,,237347,65,64,1,0.9846,56.9,1,2018-09-18,,,0,h,"{ResourceType=EntityType, Id=9, Name=Feature}","{ResourceType=Project, Process={ResourceType=Process, Id=20}, Id=4381, Name=eWave LEGO}","{FirstName=Artemiy, ResourceType=GeneralUser, Id=746, LastName=Karpov, Login=artemiy.karpov@ewave.com}","{FirstName=Denis, ResourceType=GeneralUser, Id=458, LastName=Babkov, Login=denis.babkov@ewave.com}","{FirstName=Victor, ResourceType=GeneralUser, Id=247, LastName=Martinovich, Login=victor.martinovich@ewave.com}","{ResourceType=TestPlan, Id=268388, Name=[AKENEO] Catalog Grid Images}","{ResourceType=Release, Id=275050, Name=R49}",,,"{ResourceType=Team, Id=134937, Name=LEGO TEAM}","{Importance=6, ResourceType=Priority, Id=10, Name=P6 - Normal}","{NumericPriority=5, ResourceType=EntityState, Id=1382, Name=Dev - Code Review}","{ResourceType=TeamAssignment, Id=193665}",,"{ResourceType=Epic, Id=266201, Name=[AKENEO] Catalog Grid Images}",6,,,,,MYER,To Be Determined
Feature,265942,Bundle Product Custom Options,"<div>wiki link&#58;</div>

<div>https&#58;&#47;&#47;wiki.ewave.com&#47;display&#47;LEGO&#47;Bundle&#43;Product&#43;Custom&#43;Options</div>
",,,2018-07-20,2018-10-03,2018-07-31,,237125,77,77,0,1,62,0,2018-08-14,,,0,h,"{ResourceType=EntityType, Id=9, Name=Feature}","{ResourceType=Project, Process={ResourceType=Process, Id=20}, Id=4381, Name=eWave LEGO}","{FirstName=Artemiy, ResourceType=GeneralUser, Id=746, LastName=Karpov, Login=artemiy.karpov@ewave.com}","{FirstName=Denis, ResourceType=GeneralUser, Id=458, LastName=Babkov, Login=denis.babkov@ewave.com}","{FirstName=Denis, ResourceType=GeneralUser, Id=209, LastName=Yurevich, Login=denis.yurevich@ewave.com}","{ResourceType=TestPlan, Id=266413, Name=Bundle Product Custom Options}","{ResourceType=Release, Id=275050, Name=R49}",,,"{ResourceType=Team, Id=134937, Name=LEGO TEAM}","{Importance=6, ResourceType=Priority, Id=10, Name=P6 - Normal}","{NumericPriority=1, ResourceType=EntityState, Id=1276, Name=Open}","{ResourceType=TeamAssignment, Id=193425}",,"{ResourceType=Epic, Id=212933, Name=Extended Products}",6,,,,,AUPost,To Be Determined
Feature,265771,Guest Wishlist,"<div>wiki link&#58;</div>

<div>https&#58;&#47;&#47;wiki.ewave.com&#47;display&#47;LEGO&#47;Guest&#43;Wishlist</div>
",,,2018-07-18,2018-10-03,2018-08-15,,236964,71.5,71.5,0,1,88.75,0,2018-09-13,,,0,h,"{ResourceType=EntityType, Id=9, Name=Feature}","{ResourceType=Project, Process={ResourceType=Process, Id=20}, Id=4381, Name=eWave LEGO}","{FirstName=Artemiy, ResourceType=GeneralUser, Id=746, LastName=Karpov, Login=artemiy.karpov@ewave.com}","{FirstName=Denis, ResourceType=GeneralUser, Id=458, LastName=Babkov, Login=denis.babkov@ewave.com}","{FirstName=Ivan, ResourceType=GeneralUser, Id=110, LastName=Ivanov, Login=ivan.ivanov@ewave.com}","{ResourceType=TestPlan, Id=269635, Name=Guest Wishlist}","{ResourceType=Release, Id=275050, Name=R49}",,,"{ResourceType=Team, Id=134937, Name=LEGO TEAM}","{Importance=6, ResourceType=Priority, Id=10, Name=P6 - Normal}","{NumericPriority=1, ResourceType=EntityState, Id=1276, Name=Open}","{ResourceType=TeamAssignment, Id=193271}",,"{ResourceType=Epic, Id=265770, Name=Guest Wishlist}",6,,,,,Platypus,To Be Determined
Feature,265739,[Abstract Entity] Infinite Scroll,"<div><strong>Wiki page&#58;  </strong><a href=""https&#58;&#47;&#47;wiki.ewave.com&#47;display&#47;LEGO&#47;&#37;5BAbstract&#43;Entity&#37;5D&#43;Infinite&#43;Scroll"" target=""_blank"">https&#58;&#47;&#47;wiki.ewave.com&#47;display&#47;LEGO&#47;&#37;5BAbstract&#43;Entity&#37;5D&#43;Infinite&#43;Scroll</a>

<div> </div>
</div>
",2018-08-22,2018-08-31,2018-07-18,2018-08-31,2018-08-31,,236934,36,36,0,1,63.35,0,2018-08-31,,,0,h,"{ResourceType=EntityType, Id=9, Name=Feature}","{ResourceType=Project, Process={ResourceType=Process, Id=20}, Id=4381, Name=eWave LEGO}","{FirstName=Denis, ResourceType=GeneralUser, Id=209, LastName=Yurevich, Login=denis.yurevich@ewave.com}","{FirstName=Dmitry, ResourceType=GeneralUser, Id=654, LastName=Plavskiy, Login=dmitry.plavskiy@ewave.com}","{FirstName=Denis, ResourceType=GeneralUser, Id=209, LastName=Yurevich, Login=denis.yurevich@ewave.com}","{ResourceType=TestPlan, Id=271493, Name=[Abstract Entity] Infinite Scroll}","{ResourceType=Release, Id=266515, Name=R46}",,,"{ResourceType=Team, Id=134937, Name=LEGO TEAM}","{Importance=6, ResourceType=Priority, Id=10, Name=P6 - Normal}","{NumericPriority=9, ResourceType=EntityState, Id=1281, Name=Done}","{ResourceType=TeamAssignment, Id=193241}",,"{ResourceType=Epic, Id=201351, Name=Abstract Entity}",6,,,,,D'Urban,To Be Determined
Feature,265619,[Custom Checkout Fields] SecurePay,"<div>wiki link&#58; https&#58;&#47;&#47;wiki.ewave.com&#47;display&#47;LEGO&#47;&#37;5BCustom&#43;Checkout&#43;Fields&#37;5D&#43;SecurePay</div>
",2018-07-18,2018-07-25,2018-07-17,2018-07-25,2018-07-25,,236827,0,0,0,1,4,0,2018-07-25,,,0,h,"{ResourceType=EntityType, Id=9, Name=Feature}","{ResourceType=Project, Process={ResourceType=Process, Id=20}, Id=4381, Name=eWave LEGO}","{FirstName=Valeriy, ResourceType=GeneralUser, Id=101, LastName=Denisik, Login=valeriy.denisik}","{FirstName=Denis, ResourceType=GeneralUser, Id=458, LastName=Babkov, Login=denis.babkov@ewave.com}","{FirstName=Valeriy, ResourceType=GeneralUser, Id=101, LastName=Denisik, Login=valeriy.denisik}",,"{ResourceType=Release, Id=260858, Name=R43}",,,"{ResourceType=Team, Id=134937, Name=LEGO TEAM}","{Importance=6, ResourceType=Priority, Id=10, Name=P6 - Normal}","{NumericPriority=9, ResourceType=EntityState, Id=1281, Name=Done}","{ResourceType=TeamAssignment, Id=193141}",,"{ResourceType=Epic, Id=135574, Name=Custom Checkout Fields}",6,,,,,CRV,To Be Determined
Feature,265175,[EE] Google Tag Manager,"<div>https&#58;&#47;&#47;wiki.ewave.com&#47;pages&#47;viewpage.action&#63;pageId&#61;30965830</div>
",2018-09-07,2018-09-07,2018-07-12,2018-09-07,2018-07-20,,236421,26,26,0,1,22.1,0,2018-09-07,,,0,h,"{ResourceType=EntityType, Id=9, Name=Feature}","{ResourceType=Project, Process={ResourceType=Process, Id=20}, Id=4381, Name=eWave LEGO}","{FirstName=Denis, ResourceType=GeneralUser, Id=209, LastName=Yurevich, Login=denis.yurevich@ewave.com}","{FirstName=Denis, ResourceType=GeneralUser, Id=458, LastName=Babkov, Login=denis.babkov@ewave.com}","{FirstName=Denis, ResourceType=GeneralUser, Id=209, LastName=Yurevich, Login=denis.yurevich@ewave.com}",,"{ResourceType=Release, Id=266514, Name=R45}",,,"{ResourceType=Team, Id=134937, Name=LEGO TEAM}","{Importance=6, ResourceType=Priority, Id=10, Name=P6 - Normal}","{NumericPriority=9, ResourceType=EntityState, Id=1281, Name=Done}","{ResourceType=TeamAssignment, Id=192748}",,"{ResourceType=Epic, Id=178043, Name=Google Tag Manager}",6,,,,,CRV,To Be Determined
Feature,264962,[Catalog Inventory Web API] Product SKU,"<div><strong>Wiki page&#58; </strong><a href=""https&#58;&#47;&#47;wiki.ewave.com&#47;display&#47;LEGO&#47;&#37;5BCatalog&#43;Inventory&#43;Web&#43;API&#37;5D&#43;Product&#43;SKU"" target=""_blank"">https&#58;&#47;&#47;wiki.ewave.com&#47;display&#47;LEGO&#47;&#37;5BCatalog&#43;Inventory&#43;Web&#43;API&#37;5D&#43;Product&#43;SKU</a></div>
",2018-09-03,,2018-07-11,2018-10-03,2018-09-21,,236232,31,31,0,1,12.75,0,2018-09-21,,,0,h,"{ResourceType=EntityType, Id=9, Name=Feature}","{ResourceType=Project, Process={ResourceType=Process, Id=20}, Id=4381, Name=eWave LEGO}","{FirstName=Artemiy, ResourceType=GeneralUser, Id=746, LastName=Karpov, Login=artemiy.karpov@ewave.com}","{FirstName=Dmitry, ResourceType=GeneralUser, Id=654, LastName=Plavskiy, Login=dmitry.plavskiy@ewave.com}","{FirstName=Artemiy, ResourceType=GeneralUser, Id=746, LastName=Karpov, Login=artemiy.karpov@ewave.com}","{ResourceType=TestPlan, Id=274358, Name=[Catalog Inventory Web API] Product SKU}","{ResourceType=Release, Id=275050, Name=R49}",,,"{ResourceType=Team, Id=134937, Name=LEGO TEAM}","{Importance=6, ResourceType=Priority, Id=10, Name=P6 - Normal}","{NumericPriority=7, ResourceType=EntityState, Id=1280, Name=Move to Live}","{ResourceType=TeamAssignment, Id=192545}",,"{ResourceType=Epic, Id=264943, Name=Catalog Inventory Web API}",6,,,,,D'Urban,To Be Determined
Feature,264945,Catalog Inventory Web API,"<div>Wiki page&#58; <a href=""https&#58;&#47;&#47;wiki.ewave.com&#47;display&#47;LEGO&#47;Catalog&#43;Inventory&#43;Web&#43;API"" target=""_blank"">https&#58;&#47;&#47;wiki.ewave.com&#47;display&#47;LEGO&#47;Catalog&#43;Inventory&#43;Web&#43;API</a></div>
",2018-09-03,,2018-07-11,2018-10-03,2018-09-21,,236220,29,29,0,1,18,0,2018-09-21,,,0,h,"{ResourceType=EntityType, Id=9, Name=Feature}","{ResourceType=Project, Process={ResourceType=Process, Id=20}, Id=4381, Name=eWave LEGO}","{FirstName=Artemiy, ResourceType=GeneralUser, Id=746, LastName=Karpov, Login=artemiy.karpov@ewave.com}","{FirstName=Dmitry, ResourceType=GeneralUser, Id=654, LastName=Plavskiy, Login=dmitry.plavskiy@ewave.com}","{FirstName=Artemiy, ResourceType=GeneralUser, Id=746, LastName=Karpov, Login=artemiy.karpov@ewave.com}","{ResourceType=TestPlan, Id=274359, Name=Catalog Inventory Web API}","{ResourceType=Release, Id=275050, Name=R49}",,,"{ResourceType=Team, Id=134937, Name=LEGO TEAM}","{Importance=6, ResourceType=Priority, Id=10, Name=P6 - Normal}","{NumericPriority=7, ResourceType=EntityState, Id=1280, Name=Move to Live}","{ResourceType=TeamAssignment, Id=192527}",,"{ResourceType=Epic, Id=264943, Name=Catalog Inventory Web API}",6,,,,,D'Urban,To Be Determined
Feature,264632,[AI 2.0][Logger] Elastic Search,,,,2018-07-09,2018-07-09,,,235932,0,0,0,0,0,0,2018-07-09,,,0,h,"{ResourceType=EntityType, Id=9, Name=Feature}","{ResourceType=Project, Process={ResourceType=Process, Id=20}, Id=4381, Name=eWave LEGO}","{FirstName=Dmitry, ResourceType=GeneralUser, Id=654, LastName=Plavskiy, Login=dmitry.plavskiy@ewave.com}","{FirstName=Dmitry, ResourceType=GeneralUser, Id=654, LastName=Plavskiy, Login=dmitry.plavskiy@ewave.com}",,,,,,"{ResourceType=Team, Id=134937, Name=LEGO TEAM}","{Importance=6, ResourceType=Priority, Id=10, Name=P6 - Normal}","{NumericPriority=1, ResourceType=EntityState, Id=1276, Name=Open}","{ResourceType=TeamAssignment, Id=192270}",,"{ResourceType=Epic, Id=135569, Name=Abstract Integration}",6,,,,,Lego_internal,To Be Determined
Feature,263445,Extended Customer Segments,"<div>wiki link&#58;</div>

<div>https&#58;&#47;&#47;wiki.ewave.com&#47;display&#47;LEGO&#47;Extended&#43;Customer&#43;Segments</div>
",2018-08-01,2018-08-01,2018-07-07,2018-08-01,2018-08-01,,235762,20,20,0,1,31.5,0,2018-08-01,,,0,h,"{ResourceType=EntityType, Id=9, Name=Feature}","{ResourceType=Project, Process={ResourceType=Process, Id=20}, Id=4381, Name=eWave LEGO}","{FirstName=Ivan, ResourceType=GeneralUser, Id=110, LastName=Ivanov, Login=ivan.ivanov@ewave.com}","{FirstName=Denis, ResourceType=GeneralUser, Id=458, LastName=Babkov, Login=denis.babkov@ewave.com}","{FirstName=Ivan, ResourceType=GeneralUser, Id=110, LastName=Ivanov, Login=ivan.ivanov@ewave.com}","{ResourceType=TestPlan, Id=267342, Name=Extended Customer Segments}","{ResourceType=Release, Id=260858, Name=R43}",,,"{ResourceType=Team, Id=134937, Name=LEGO TEAM}","{Importance=6, ResourceType=Priority, Id=10, Name=P6 - Normal}","{NumericPriority=9, ResourceType=EntityState, Id=1281, Name=Done}","{ResourceType=TeamAssignment, Id=192110}",,"{ResourceType=Epic, Id=263444, Name=Extended Customer Segments}",6,,,,,Platypus,To Be Determined
Feature,263212,[Product Overlay] Product Attribute,"<div>wiki link&#58;</div>

<div>https&#58;&#47;&#47;wiki.ewave.com&#47;display&#47;LEGO&#47;&#37;5BProduct&#43;Overlay&#37;5D&#43;Product&#43;Attribute</div>
",2018-07-27,2018-07-27,2018-07-06,2018-08-02,2018-07-27,,235533,29,29,0,1,31.45,0,2018-07-27,,,0,h,"{ResourceType=EntityType, Id=9, Name=Feature}","{ResourceType=Project, Process={ResourceType=Process, Id=20}, Id=4381, Name=eWave LEGO}","{FirstName=Denis, ResourceType=GeneralUser, Id=209, LastName=Yurevich, Login=denis.yurevich@ewave.com}","{FirstName=Denis, ResourceType=GeneralUser, Id=458, LastName=Babkov, Login=denis.babkov@ewave.com}","{FirstName=Denis, ResourceType=GeneralUser, Id=209, LastName=Yurevich, Login=denis.yurevich@ewave.com}","{ResourceType=TestPlan, Id=267674, Name=[Product Overlay] Product Attribute}","{ResourceType=Release, Id=260858, Name=R43}",,,"{ResourceType=Team, Id=134937, Name=LEGO TEAM}","{Importance=6, ResourceType=Priority, Id=10, Name=P6 - Normal}","{NumericPriority=9, ResourceType=EntityState, Id=1281, Name=Done}","{ResourceType=TeamAssignment, Id=191976}",,"{ResourceType=Epic, Id=129525, Name=Product Overlay}",6,,,,,AUPost,To Be Determined
Feature,262069,AsiaPay,"<div>WikiPage&#58; <a href=""https&#58;&#47;&#47;wiki.ewave.com&#47;display&#47;LEGO&#47;AsiaPay"" target=""_blank"">https&#58;&#47;&#47;wiki.ewave.com&#47;display&#47;LEGO&#47;AsiaPay</a></div>

<div>Sandbox&#58; <a href=""https&#58;&#47;&#47;wiki.ewave.com&#47;display&#47;QT&#47;AsiaPay&#43;Sandbox"" target=""_blank"">https&#58;&#47;&#47;wiki.ewave.com&#47;display&#47;QT&#47;AsiaPay&#43;Sandbox</a></div>
",,,2018-06-26,2018-10-05,,,234504,46.5,0,46.5,0,0,46.5,2018-06-26,,,0,h,"{ResourceType=EntityType, Id=9, Name=Feature}","{ResourceType=Project, Process={ResourceType=Process, Id=20}, Id=4381, Name=eWave LEGO}","{FirstName=Dmitry, ResourceType=GeneralUser, Id=654, LastName=Plavskiy, Login=dmitry.plavskiy@ewave.com}","{FirstName=Dmitry, ResourceType=GeneralUser, Id=654, LastName=Plavskiy, Login=dmitry.plavskiy@ewave.com}",,,,,,"{ResourceType=Team, Id=134937, Name=LEGO TEAM}","{Importance=6, ResourceType=Priority, Id=10, Name=P6 - Normal}","{NumericPriority=1, ResourceType=EntityState, Id=1276, Name=Open}","{ResourceType=TeamAssignment, Id=190954}",,"{ResourceType=Epic, Id=262068, Name=AsiaPay}",6,,,,,D'Urban,To Be Determined
Feature,261670,File Generator,"<div>wiki link&#58;</div>

<div>https&#58;&#47;&#47;wiki.ewave.com&#47;display&#47;LEGO&#47;File&#43;Generator</div>
",2018-07-11,2018-07-11,2018-06-25,2018-07-11,,,234318,20,20,0,1,21.75,0,2018-07-11,,,0,h,"{ResourceType=EntityType, Id=9, Name=Feature}","{ResourceType=Project, Process={ResourceType=Process, Id=20}, Id=4381, Name=eWave LEGO}","{FirstName=Eldaniz, ResourceType=GeneralUser, Id=188, LastName=Gasymov, Login=eldaniz.gasymov@ewave.com}","{FirstName=Denis, ResourceType=GeneralUser, Id=458, LastName=Babkov, Login=denis.babkov@ewave.com}",,,"{ResourceType=Release, Id=260857, Name=R42}",,,"{ResourceType=Team, Id=134937, Name=LEGO TEAM}","{Importance=6, ResourceType=Priority, Id=10, Name=P6 - Normal}","{NumericPriority=9, ResourceType=EntityState, Id=1281, Name=Done}","{ResourceType=TeamAssignment, Id=190652}",,"{ResourceType=Epic, Id=261669, Name=File Generator}",6,,,,,Lego_internal,To Be Determined
Feature,261251,[ON HOLD][Fluent] Store Locator,"<div>wiki&#58;</div>

<div>https&#58;&#47;&#47;wiki.ewave.com&#47;display&#47;LEGO&#47;&#37;5BFluent&#37;5D&#43;Store&#43;Locator</div>
",,,2018-06-21,2018-07-13,,,233937,88,3,85,0.0341,3,85,2018-07-13,,,0,h,"{ResourceType=EntityType, Id=9, Name=Feature}","{ResourceType=Project, Process={ResourceType=Process, Id=20}, Id=4381, Name=eWave LEGO}","{FirstName=Denis, ResourceType=GeneralUser, Id=458, LastName=Babkov, Login=denis.babkov@ewave.com}","{FirstName=Denis, ResourceType=GeneralUser, Id=458, LastName=Babkov, Login=denis.babkov@ewave.com}",,,,,,"{ResourceType=Team, Id=134937, Name=LEGO TEAM}","{Importance=6, ResourceType=Priority, Id=10, Name=P6 - Normal}","{NumericPriority=1, ResourceType=EntityState, Id=1276, Name=Open}","{ResourceType=TeamAssignment, Id=190308}",,"{ResourceType=Epic, Id=198729, Name=Fluent Integration}",6,,,,,AUPost,To Be Determined
Feature,261100,[Multiple Delivery Method] Order Notifications,"<div>wiki&#58;</div>

<div>https&#58;&#47;&#47;wiki.ewave.com&#47;display&#47;LEGO&#47;&#37;5BMultiple&#43;Delivery&#43;Method&#37;5D&#43;Order&#43;Notifications</div>
",2018-06-20,2018-06-25,2018-06-20,2018-06-25,2018-06-25,,233813,5.5,5.5,0,1,4.5,0,2018-06-25,,,0,h,"{ResourceType=EntityType, Id=9, Name=Feature}","{ResourceType=Project, Process={ResourceType=Process, Id=20}, Id=4381, Name=eWave LEGO}","{FirstName=Valeriy, ResourceType=GeneralUser, Id=101, LastName=Denisik, Login=valeriy.denisik}","{FirstName=Denis, ResourceType=GeneralUser, Id=458, LastName=Babkov, Login=denis.babkov@ewave.com}","{FirstName=Valeriy, ResourceType=GeneralUser, Id=101, LastName=Denisik, Login=valeriy.denisik}","{ResourceType=TestPlan, Id=261447, Name=[Multiple Delivery Method] Order Notifications}","{ResourceType=Release, Id=257074, Name=R41}",,,"{ResourceType=Team, Id=134937, Name=LEGO TEAM}","{Importance=6, ResourceType=Priority, Id=10, Name=P6 - Normal}","{NumericPriority=9, ResourceType=EntityState, Id=1281, Name=Done}","{ResourceType=TeamAssignment, Id=190180}",,"{ResourceType=Epic, Id=240800, Name=Multiple Delivery Method}",6,,,,,Platypus,To Be Determined
Feature,260345,[File Generator] RMA,"<div>wiki link&#58;</div>

<div>https&#58;&#47;&#47;wiki.ewave.com&#47;display&#47;LEGO&#47;&#37;5BFile&#43;Generator&#37;5D&#43;RMA</div>
",2018-07-11,2018-07-11,2018-06-14,2018-07-11,2018-07-30,,233114,34,34,0,1,37.75,0,2018-07-11,,,0,h,"{ResourceType=EntityType, Id=9, Name=Feature}","{ResourceType=Project, Process={ResourceType=Process, Id=20}, Id=4381, Name=eWave LEGO}","{FirstName=Eldaniz, ResourceType=GeneralUser, Id=188, LastName=Gasymov, Login=eldaniz.gasymov@ewave.com}","{FirstName=Denis, ResourceType=GeneralUser, Id=458, LastName=Babkov, Login=denis.babkov@ewave.com}","{FirstName=Viktoria, ResourceType=GeneralUser, Id=122, LastName=Kravchenko, Login=viktoria.kravchenko}","{ResourceType=TestPlan, Id=267290, Name=[File Generator] RMA}","{ResourceType=Release, Id=260857, Name=R42}",,,"{ResourceType=Team, Id=134937, Name=LEGO TEAM}","{Importance=6, ResourceType=Priority, Id=10, Name=P6 - Normal}","{NumericPriority=9, ResourceType=EntityState, Id=1281, Name=Done}","{ResourceType=TeamAssignment, Id=189572}",,"{ResourceType=Epic, Id=197561, Name=RMA}",6,,,,,Platypus,To Be Determined
Feature,260221,[AI 2.0] Import/Export,"<div>wiki link&#58;<br />
https&#58;&#47;&#47;wiki.ewave.com&#47;pages&#47;viewpage.action&#63;pageId&#61;29947184</div>
",,,2018-06-14,2018-08-21,,,232997,0,0,0,0,0,0,2018-06-14,,,0,h,"{ResourceType=EntityType, Id=9, Name=Feature}","{ResourceType=Project, Process={ResourceType=Process, Id=20}, Id=4381, Name=eWave LEGO}","{FirstName=Nazar, ResourceType=GeneralUser, Id=79, LastName=Marinich, Login=nazar}","{FirstName=Denis, ResourceType=GeneralUser, Id=458, LastName=Babkov, Login=denis.babkov@ewave.com}",,,,,,"{ResourceType=Team, Id=134937, Name=LEGO TEAM}","{Importance=6, ResourceType=Priority, Id=10, Name=P6 - Normal}","{NumericPriority=1, ResourceType=EntityState, Id=1276, Name=Open}","{ResourceType=TeamAssignment, Id=189498}",,"{ResourceType=Epic, Id=135569, Name=Abstract Integration}",6,,,,,Lego_internal,To Be Determined
Feature,259879,Shipping Method Switcher,"<div>wiki page&#58;</div>

<div>https&#58;&#47;&#47;wiki.ewave.com&#47;display&#47;LEGO&#47;Shipping&#43;Method&#43;Switcher</div>
",2018-06-14,2018-06-14,2018-06-12,2018-06-19,2018-06-14,,232689,6,6,0,1,5.7,0,2018-06-14,,,0,h,"{ResourceType=EntityType, Id=9, Name=Feature}","{ResourceType=Project, Process={ResourceType=Process, Id=20}, Id=4381, Name=eWave LEGO}","{FirstName=Valeriy, ResourceType=GeneralUser, Id=101, LastName=Denisik, Login=valeriy.denisik}","{FirstName=Denis, ResourceType=GeneralUser, Id=458, LastName=Babkov, Login=denis.babkov@ewave.com}","{FirstName=Valeriy, ResourceType=GeneralUser, Id=101, LastName=Denisik, Login=valeriy.denisik}","{ResourceType=TestPlan, Id=260307, Name=Shipping Method Switcher}","{ResourceType=Release, Id=257073, Name=R40}",,,"{ResourceType=Team, Id=134937, Name=LEGO TEAM}","{Importance=6, ResourceType=Priority, Id=10, Name=P6 - Normal}","{NumericPriority=9, ResourceType=EntityState, Id=1281, Name=Done}","{ResourceType=TeamAssignment, Id=189205}",,"{ResourceType=Epic, Id=259878, Name=Shipping Method Switcher}",6,,,,,Platypus,To Be Determined
Feature,259856,[AI 2.0] Integration Engine,"<div>wiki link&#58;</div>

<div>https&#58;&#47;&#47;wiki.ewave.com&#47;display&#47;LEGO&#47;Integration&#43;Engine</div>
",,,2018-06-12,2018-08-21,,,232671,363.5,0,363.5,0,0,363.5,2018-06-12,,,0,h,"{ResourceType=EntityType, Id=9, Name=Feature}","{ResourceType=Project, Process={ResourceType=Process, Id=20}, Id=4381, Name=eWave LEGO}","{FirstName=Nazar, ResourceType=GeneralUser, Id=79, LastName=Marinich, Login=nazar}","{FirstName=Denis, ResourceType=GeneralUser, Id=458, LastName=Babkov, Login=denis.babkov@ewave.com}",,,,,,"{ResourceType=Team, Id=134937, Name=LEGO TEAM}","{Importance=6, ResourceType=Priority, Id=10, Name=P6 - Normal}","{NumericPriority=1, ResourceType=EntityState, Id=1276, Name=Open}","{ResourceType=TeamAssignment, Id=189186}",,"{ResourceType=Epic, Id=135569, Name=Abstract Integration}",6,,,,,Lego_internal,To Be Determined
Feature,259824,[AI 2.0] Logger,"<div>wiki page&#58;</div>

<div>https&#58;&#47;&#47;wiki.ewave.com&#47;display&#47;LEGO&#47;Logger</div>
",,,2018-06-12,2018-08-21,,,232644,38.5,0,38.5,0,0,38.5,2018-06-12,,,0,h,"{ResourceType=EntityType, Id=9, Name=Feature}","{ResourceType=Project, Process={ResourceType=Process, Id=20}, Id=4381, Name=eWave LEGO}","{FirstName=Nazar, ResourceType=GeneralUser, Id=79, LastName=Marinich, Login=nazar}","{FirstName=Denis, ResourceType=GeneralUser, Id=458, LastName=Babkov, Login=denis.babkov@ewave.com}",,,,,,"{ResourceType=Team, Id=134937, Name=LEGO TEAM}","{Importance=6, ResourceType=Priority, Id=10, Name=P6 - Normal}","{NumericPriority=1, ResourceType=EntityState, Id=1276, Name=Open}","{ResourceType=TeamAssignment, Id=189154}",,"{ResourceType=Epic, Id=135569, Name=Abstract Integration}",6,,,,,Lego_internal,To Be Determined
Feature,259082,Product Image Upload,"<div>
<div> </div>

<div>wiki link&#58;</div>

<div>https&#58;&#47;&#47;wiki.ewave.com&#47;display&#47;LEGO&#47;Product&#43;Image&#43;Upload</div>

<div> </div>
</div>
",2018-09-11,2018-09-11,2018-06-06,2018-09-11,2018-07-31,,231974,179,179,0,1,115.45,0,2018-09-11,,,0,h,"{ResourceType=EntityType, Id=9, Name=Feature}","{ResourceType=Project, Process={ResourceType=Process, Id=20}, Id=4381, Name=eWave LEGO}","{FirstName=Katerina, ResourceType=GeneralUser, Id=631, LastName=Khrolovich, Login=katerina.khrolovich@ewave.com}","{FirstName=Denis, ResourceType=GeneralUser, Id=458, LastName=Babkov, Login=denis.babkov@ewave.com}","{FirstName=Alex, ResourceType=GeneralUser, Id=68, LastName=Ezhkov, Login=alex.ezhkov@madebyewave.com}","{ResourceType=TestPlan, Id=262363, Name=Product Image Upload}","{ResourceType=Release, Id=266515, Name=R46}",,,"{ResourceType=Team, Id=134937, Name=LEGO TEAM}","{Importance=6, ResourceType=Priority, Id=10, Name=P6 - Normal}","{NumericPriority=9, ResourceType=EntityState, Id=1281, Name=Done}","{ResourceType=TeamAssignment, Id=188556}",,"{ResourceType=Epic, Id=259081, Name=Personalised Products}",6,,,,,AUPost,To Be Determined
Feature,258949,[Order Splitting] Multiple Delivery Method,"<div>wiki link&#58;</div>

<div>https&#58;&#47;&#47;wiki.ewave.com&#47;display&#47;LEGO&#47;&#37;5BOrder&#43;Splitting&#37;5D&#43;Multiple&#43;Delivery&#43;Method</div>
",2018-06-25,2018-06-25,2018-06-05,2018-06-25,2018-06-29,,231850,24,24,0,1,21,0,2018-06-25,,,0,h,"{ResourceType=EntityType, Id=9, Name=Feature}","{ResourceType=Project, Process={ResourceType=Process, Id=20}, Id=4381, Name=eWave LEGO}","{FirstName=Valeriy, ResourceType=GeneralUser, Id=101, LastName=Denisik, Login=valeriy.denisik}","{FirstName=Denis, ResourceType=GeneralUser, Id=458, LastName=Babkov, Login=denis.babkov@ewave.com}","{FirstName=Viktoria, ResourceType=GeneralUser, Id=122, LastName=Kravchenko, Login=viktoria.kravchenko}","{ResourceType=TestPlan, Id=261701, Name=[Order Splitting] Multiple Delivery Method}","{ResourceType=Release, Id=257074, Name=R41}",,,"{ResourceType=Team, Id=134937, Name=LEGO TEAM}","{Importance=6, ResourceType=Priority, Id=10, Name=P6 - Normal}","{NumericPriority=9, ResourceType=EntityState, Id=1281, Name=Done}","{ResourceType=TeamAssignment, Id=188425}",,"{ResourceType=Epic, Id=150083, Name=Order Splitting}",6,,,,,Platypus,To Be Determined